Object;Time;Content
Fila;6/2/2021 8:00;1
Fila;6/2/2021 8:00;0
Fila;6/2/2021 8:00;1
Fila;6/2/2021 8:00;0
Fila;6/2/2021 8:00;1
Fila;6/2/2021 8:00;2
Fila;6/2/2021 8:00;3
Fila;6/2/2021 8:00;2
Fila;6/2/2021 8:00;1
Fila;6/2/2021 8:01;2
Fila;6/2/2021 8:01;1
Fila;6/2/2021 8:01;0
Fila;6/2/2021 8:02;1
Fila;6/2/2021 8:02;2
Fila;6/2/2021 8:02;1
Fila;6/2/2021 8:02;0
Fila;6/2/2021 8:03;1
Fila;6/2/2021 8:03;0
Fila;6/2/2021 8:03;1
Fila;6/2/2021 8:03;2
Fila;6/2/2021 8:03;3
Fila;6/2/2021 8:03;2
Fila;6/2/2021 8:03;1
Fila;6/2/2021 8:04;2
Fila;6/2/2021 8:04;3
Fila;6/2/2021 8:05;2
Fila;6/2/2021 8:05;1
Fila;6/2/2021 8:05;0
Fila;6/2/2021 8:06;1
Fila;6/2/2021 8:06;2
Fila;6/2/2021 8:06;3
Fila;6/2/2021 8:06;4
Fila;6/2/2021 8:06;5
Fila;6/2/2021 8:06;6
Fila;6/2/2021 8:06;5
Fila;6/2/2021 8:06;4
Fila;6/2/2021 8:06;3
Fila;6/2/2021 8:06;2
Fila;6/2/2021 8:07;3
Fila;6/2/2021 8:07;2
Fila;6/2/2021 8:07;1
Fila;6/2/2021 8:07;0
Fila;6/2/2021 8:08;1
Fila;6/2/2021 8:08;0
Fila;6/2/2021 8:08;1
Fila;6/2/2021 8:08;2
Fila;6/2/2021 8:08;1
Fila;6/2/2021 8:08;0
Fila;6/2/2021 8:10;1
Fila;6/2/2021 8:10;0
Fila;6/2/2021 8:11;1
Fila;6/2/2021 8:11;0
Fila;6/2/2021 8:11;1
Fila;6/2/2021 8:11;0
Fila;6/2/2021 8:11;1
Fila;6/2/2021 8:11;0
Fila;6/2/2021 8:12;1
Fila;6/2/2021 8:12;0
Fila;6/2/2021 8:12;1
Fila;6/2/2021 8:12;0
Fila;6/2/2021 8:13;1
Fila;6/2/2021 8:13;0
Fila;6/2/2021 8:14;1
Fila;6/2/2021 8:14;0
Fila;6/2/2021 8:14;1
Fila;6/2/2021 8:14;0
Fila;6/2/2021 8:15;1
Fila;6/2/2021 8:15;0
Fila;6/2/2021 8:15;1
Fila;6/2/2021 8:15;0
Fila;6/2/2021 8:17;1
Fila;6/2/2021 8:17;0
Fila;6/2/2021 8:18;1
Fila;6/2/2021 8:18;0
Fila;6/2/2021 8:18;1
Fila;6/2/2021 8:18;2
Fila;6/2/2021 8:18;1
Fila;6/2/2021 8:18;0
Fila;6/2/2021 8:19;1
Fila;6/2/2021 8:19;2
Fila;6/2/2021 8:19;1
Fila;6/2/2021 8:19;0
Fila;6/2/2021 8:20;1
Fila;6/2/2021 8:20;0
Fila;6/2/2021 8:20;1
Fila;6/2/2021 8:20;2
Fila;6/2/2021 8:20;1
Fila;6/2/2021 8:20;0
Fila;6/2/2021 8:21;1
Fila;6/2/2021 8:21;0
Fila;6/2/2021 8:22;1
Fila;6/2/2021 8:22;0
Fila;6/2/2021 8:22;1
Fila;6/2/2021 8:22;0
Fila;6/2/2021 8:23;1
Fila;6/2/2021 8:23;0
Fila;6/2/2021 8:24;1
Fila;6/2/2021 8:24;0
Fila;6/2/2021 8:24;1
Fila;6/2/2021 8:24;0
Fila;6/2/2021 8:25;1
Fila;6/2/2021 8:25;0
Fila;6/2/2021 8:25;1
Fila;6/2/2021 8:25;0
Fila;6/2/2021 8:26;1
Fila;6/2/2021 8:26;2
Fila;6/2/2021 8:26;3
Fila;6/2/2021 8:26;2
Fila;6/2/2021 8:27;3
Fila;6/2/2021 8:27;4
Fila;6/2/2021 8:27;5
Fila;6/2/2021 8:27;6
Fila;6/2/2021 8:27;5
Fila;6/2/2021 8:27;4
Fila;6/2/2021 8:27;3
Fila;6/2/2021 8:28;2
Fila;6/2/2021 8:29;3
Fila;6/2/2021 8:29;2
Fila;6/2/2021 8:30;3
Fila;6/2/2021 8:30;4
Fila;6/2/2021 8:30;3
Fila;6/2/2021 8:30;2
Fila;6/2/2021 8:31;3
Fila;6/2/2021 8:31;4
Fila;6/2/2021 8:32;5
Fila;6/2/2021 8:32;4
Fila;6/2/2021 8:33;5
Fila;6/2/2021 8:33;6
Fila;6/2/2021 8:33;7
Fila;6/2/2021 8:33;8
Fila;6/2/2021 8:33;9
Fila;6/2/2021 8:33;10
Fila;6/2/2021 8:33;11
Fila;6/2/2021 8:33;10
Fila;6/2/2021 8:34;11
Fila;6/2/2021 8:34;10
Fila;6/2/2021 8:34;9
Fila;6/2/2021 8:34;8
Fila;6/2/2021 8:34;7
Fila;6/2/2021 8:34;6
Fila;6/2/2021 8:35;5
Fila;6/2/2021 8:35;4
Fila;6/2/2021 8:36;5
Fila;6/2/2021 8:36;6
Fila;6/2/2021 8:36;5
Fila;6/2/2021 8:36;4
Fila;6/2/2021 8:36;3
Fila;6/2/2021 8:36;2
Fila;6/2/2021 8:36;1
Fila;6/2/2021 8:36;0
Fila;6/2/2021 8:37;1
Fila;6/2/2021 8:37;2
Fila;6/2/2021 8:37;3
Fila;6/2/2021 8:37;2
Fila;6/2/2021 8:38;1
Fila;6/2/2021 8:39;2
Fila;6/2/2021 8:39;1
Fila;6/2/2021 8:39;0
Fila;6/2/2021 8:40;1
Fila;6/2/2021 8:40;2
Fila;6/2/2021 8:40;3
Fila;6/2/2021 8:40;4
Fila;6/2/2021 8:40;5
Fila;6/2/2021 8:40;6
Fila;6/2/2021 8:40;7
Fila;6/2/2021 8:40;8
Fila;6/2/2021 8:40;9
Fila;6/2/2021 8:40;8
Fila;6/2/2021 8:41;9
Fila;6/2/2021 8:41;10
Fila;6/2/2021 8:42;11
Fila;6/2/2021 8:42;10
Fila;6/2/2021 8:43;11
Fila;6/2/2021 8:43;12
Fila;6/2/2021 8:43;11
Fila;6/2/2021 8:43;10
Fila;6/2/2021 8:44;11
Fila;6/2/2021 8:44;12
Fila;6/2/2021 8:45;11
Fila;6/2/2021 8:45;10
Fila;6/2/2021 8:45;9
Fila;6/2/2021 8:46;10
Fila;6/2/2021 8:46;9
Fila;6/2/2021 8:47;10
Fila;6/2/2021 8:47;9
Fila;6/2/2021 8:47;8
Fila;6/2/2021 8:48;9
Fila;6/2/2021 8:48;8
Fila;6/2/2021 8:48;7
Fila;6/2/2021 8:49;6
Fila;6/2/2021 8:49;5
Fila;6/2/2021 8:49;4
Fila;6/2/2021 8:49;3
Fila;6/2/2021 8:49;2
Fila;6/2/2021 8:50;3
Fila;6/2/2021 8:50;4
Fila;6/2/2021 8:50;3
Fila;6/2/2021 8:50;2
Fila;6/2/2021 8:50;1
Fila;6/2/2021 8:50;0
Fila;6/2/2021 8:54;1
Fila;6/2/2021 8:54;0
Fila;6/2/2021 8:54;1
Fila;6/2/2021 8:54;0
Fila;6/2/2021 8:56;1
Fila;6/2/2021 8:56;0
Fila;6/2/2021 8:56;1
Fila;6/2/2021 8:56;2
Fila;6/2/2021 8:56;3
Fila;6/2/2021 8:56;2
Fila;6/2/2021 8:56;1
Fila;6/2/2021 8:57;0
Fila;6/2/2021 8:59;1
Fila;6/2/2021 8:59;0
Fila;6/2/2021 8:59;1
Fila;6/2/2021 8:59;0
Fila;6/2/2021 8:59;1
Fila;6/2/2021 8:59;0
Fila;6/2/2021 9:01;1
Fila;6/2/2021 9:01;0
Fila;6/2/2021 9:02;1
Fila;6/2/2021 9:02;0
Fila;6/2/2021 9:03;1
Fila;6/2/2021 9:03;0
Fila;6/2/2021 9:04;1
Fila;6/2/2021 9:04;0
Fila;6/2/2021 9:04;1
Fila;6/2/2021 9:04;0
Fila;6/2/2021 9:05;1
Fila;6/2/2021 9:05;0
Fila;6/2/2021 9:05;1
Fila;6/2/2021 9:05;2
Fila;6/2/2021 9:05;1
Fila;6/2/2021 9:06;0
Fila;6/2/2021 9:07;1
Fila;6/2/2021 9:07;0
Fila;6/2/2021 9:07;1
Fila;6/2/2021 9:07;2
Fila;6/2/2021 9:07;3
Fila;6/2/2021 9:07;4
Fila;6/2/2021 9:08;3
Fila;6/2/2021 9:09;4
Fila;6/2/2021 9:09;3
Fila;6/2/2021 9:09;2
Fila;6/2/2021 9:10;1
Fila;6/2/2021 9:10;0
Fila;6/2/2021 9:11;1
Fila;6/2/2021 9:11;0
Fila;6/2/2021 9:11;1
Fila;6/2/2021 9:11;2
Fila;6/2/2021 9:11;3
Fila;6/2/2021 9:11;4
Fila;6/2/2021 9:11;3
Fila;6/2/2021 9:11;2
Fila;6/2/2021 9:12;3
Fila;6/2/2021 9:13;4
Fila;6/2/2021 9:13;3
Fila;6/2/2021 9:14;4
Fila;6/2/2021 9:14;5
Fila;6/2/2021 9:14;6
Fila;6/2/2021 9:14;7
Fila;6/2/2021 9:14;8
Fila;6/2/2021 9:14;9
Fila;6/2/2021 9:14;10
Fila;6/2/2021 9:15;11
Fila;6/2/2021 9:15;12
Fila;6/2/2021 9:15;13
Fila;6/2/2021 9:15;14
Fila;6/2/2021 9:15;13
Fila;6/2/2021 9:15;12
Fila;6/2/2021 9:16;13
Fila;6/2/2021 9:16;14
Fila;6/2/2021 9:16;15
Fila;6/2/2021 9:17;16
Fila;6/2/2021 9:17;15
Fila;6/2/2021 9:17;14
Fila;6/2/2021 9:18;15
Fila;6/2/2021 9:18;16
Fila;6/2/2021 9:18;15
Fila;6/2/2021 9:18;14
Fila;6/2/2021 9:18;13
Fila;6/2/2021 9:18;12
Fila;6/2/2021 9:18;11
Fila;6/2/2021 9:19;12
Fila;6/2/2021 9:19;11
Fila;6/2/2021 9:19;10
Fila;6/2/2021 9:19;9
Fila;6/2/2021 9:20;10
Fila;6/2/2021 9:20;9
Fila;6/2/2021 9:20;8
Fila;6/2/2021 9:20;7
Fila;6/2/2021 9:21;8
Fila;6/2/2021 9:21;9
Fila;6/2/2021 9:21;10
Fila;6/2/2021 9:21;11
Fila;6/2/2021 9:21;12
Fila;6/2/2021 9:21;13
Fila;6/2/2021 9:21;12
Fila;6/2/2021 9:21;11
Fila;6/2/2021 9:21;10
Fila;6/2/2021 9:22;11
Fila;6/2/2021 9:22;12
Fila;6/2/2021 9:22;11
Fila;6/2/2021 9:22;10
Fila;6/2/2021 9:22;9
Fila;6/2/2021 9:22;8
Fila;6/2/2021 9:22;7
Fila;6/2/2021 9:23;6
Fila;6/2/2021 9:24;7
Fila;6/2/2021 9:24;8
Fila;6/2/2021 9:24;9
Fila;6/2/2021 9:24;10
Fila;6/2/2021 9:24;11
Fila;6/2/2021 9:24;12
Fila;6/2/2021 9:24;13
Fila;6/2/2021 9:24;14
Fila;6/2/2021 9:24;15
Fila;6/2/2021 9:24;16
Fila;6/2/2021 9:24;17
Fila;6/2/2021 9:24;16
Fila;6/2/2021 9:24;15
Fila;6/2/2021 9:24;14
Fila;6/2/2021 9:25;15
Fila;6/2/2021 9:25;16
Fila;6/2/2021 9:26;15
Fila;6/2/2021 9:26;14
Fila;6/2/2021 9:27;15
Fila;6/2/2021 9:27;16
Fila;6/2/2021 9:27;17
Fila;6/2/2021 9:27;16
Fila;6/2/2021 9:27;15
Fila;6/2/2021 9:28;14
Fila;6/2/2021 9:29;15
Fila;6/2/2021 9:29;16
Fila;6/2/2021 9:29;17
Fila;6/2/2021 9:29;16
Fila;6/2/2021 9:30;17
Fila;6/2/2021 9:30;18
Fila;6/2/2021 9:30;19
Fila;6/2/2021 9:30;18
Fila;6/2/2021 9:30;17
Fila;6/2/2021 9:30;16
Fila;6/2/2021 9:31;17
Fila;6/2/2021 9:31;16
Fila;6/2/2021 9:31;15
Fila;6/2/2021 9:31;14
Fila;6/2/2021 9:32;13
Fila;6/2/2021 9:32;12
Fila;6/2/2021 9:33;13
Fila;6/2/2021 9:33;12
Fila;6/2/2021 9:34;13
Fila;6/2/2021 9:34;14
Fila;6/2/2021 9:34;15
Fila;6/2/2021 9:34;16
Fila;6/2/2021 9:34;17
Fila;6/2/2021 9:34;18
Fila;6/2/2021 9:34;19
Fila;6/2/2021 9:34;18
Fila;6/2/2021 9:34;17
Fila;6/2/2021 9:34;16
Fila;6/2/2021 9:35;15
Fila;6/2/2021 9:36;16
Fila;6/2/2021 9:37;15
Fila;6/2/2021 9:37;14
Fila;6/2/2021 9:37;13
Fila;6/2/2021 9:37;12
Fila;6/2/2021 9:37;11
Fila;6/2/2021 9:37;10
Fila;6/2/2021 9:38;11
Fila;6/2/2021 9:38;12
Fila;6/2/2021 9:38;11
Fila;6/2/2021 9:38;10
Fila;6/2/2021 9:39;9
Fila;6/2/2021 9:39;8
Fila;6/2/2021 9:39;7
Fila;6/2/2021 9:39;6
Fila;6/2/2021 9:39;5
Fila;6/2/2021 9:40;6
Fila;6/2/2021 9:40;7
Fila;6/2/2021 9:40;6
Fila;6/2/2021 9:41;7
Fila;6/2/2021 9:41;8
Fila;6/2/2021 9:41;9
Fila;6/2/2021 9:41;10
Fila;6/2/2021 9:41;9
Fila;6/2/2021 9:41;8
Fila;6/2/2021 9:41;7
Fila;6/2/2021 9:42;6
Fila;6/2/2021 9:43;7
Fila;6/2/2021 9:43;6
Fila;6/2/2021 9:43;5
Fila;6/2/2021 9:43;4
Fila;6/2/2021 9:43;3
Fila;6/2/2021 9:44;2
Fila;6/2/2021 9:44;1
Fila;6/2/2021 9:44;0
Fila;6/2/2021 9:45;1
Fila;6/2/2021 9:45;2
Fila;6/2/2021 9:45;1
Fila;6/2/2021 9:46;2
Fila;6/2/2021 9:46;3
Fila;6/2/2021 9:46;4
Fila;6/2/2021 9:46;3
Fila;6/2/2021 9:46;2
Fila;6/2/2021 9:47;3
Fila;6/2/2021 9:47;4
Fila;6/2/2021 9:47;3
Fila;6/2/2021 9:47;2
Fila;6/2/2021 9:48;3
Fila;6/2/2021 9:48;4
Fila;6/2/2021 9:48;5
Fila;6/2/2021 9:48;6
Fila;6/2/2021 9:48;7
Fila;6/2/2021 9:48;6
Fila;6/2/2021 9:49;7
Fila;6/2/2021 9:49;6
Fila;6/2/2021 9:49;5
Fila;6/2/2021 9:50;6
Fila;6/2/2021 9:50;7
Fila;6/2/2021 9:50;8
Fila;6/2/2021 9:50;9
Fila;6/2/2021 9:50;8
Fila;6/2/2021 9:51;7
Fila;6/2/2021 9:51;6
Fila;6/2/2021 9:51;5
Fila;6/2/2021 9:52;6
Fila;6/2/2021 9:52;7
Fila;6/2/2021 9:52;8
Fila;6/2/2021 9:52;7
Fila;6/2/2021 9:52;6
Fila;6/2/2021 9:54;5
Fila;6/2/2021 9:54;4
Fila;6/2/2021 9:54;3
Fila;6/2/2021 9:55;4
Fila;6/2/2021 9:55;5
Fila;6/2/2021 9:55;4
Fila;6/2/2021 9:55;3
Fila;6/2/2021 9:56;4
Fila;6/2/2021 9:56;5
Fila;6/2/2021 9:56;6
Fila;6/2/2021 9:56;7
Fila;6/2/2021 9:56;6
Fila;6/2/2021 9:56;5
Fila;6/2/2021 9:56;4
Fila;6/2/2021 9:57;5
Fila;6/2/2021 9:57;4
Fila;6/2/2021 9:57;3
Fila;6/2/2021 9:57;2
Fila;6/2/2021 9:58;3
Fila;6/2/2021 9:58;2
Fila;6/2/2021 9:59;3
Fila;6/2/2021 9:59;2
Fila;6/2/2021 10:00;3
Fila;6/2/2021 10:00;2
Fila;6/2/2021 10:01;3
Fila;6/2/2021 10:01;4
Fila;6/2/2021 10:01;5
Fila;6/2/2021 10:01;4
Fila;6/2/2021 10:02;5
Fila;6/2/2021 10:02;6
Fila;6/2/2021 10:02;5
Fila;6/2/2021 10:02;4
Fila;6/2/2021 10:02;3
Fila;6/2/2021 10:02;2
Fila;6/2/2021 10:02;1
Fila;6/2/2021 10:03;2
Fila;6/2/2021 10:03;3
Fila;6/2/2021 10:03;2
Fila;6/2/2021 10:03;1
Fila;6/2/2021 10:03;0
Fila;6/2/2021 10:04;1
Fila;6/2/2021 10:04;0
Fila;6/2/2021 10:05;1
Fila;6/2/2021 10:05;0
Fila;6/2/2021 10:06;1
Fila;6/2/2021 10:06;0
Fila;6/2/2021 10:08;1
Fila;6/2/2021 10:08;0
Fila;6/2/2021 10:08;1
Fila;6/2/2021 10:08;2
Fila;6/2/2021 10:08;3
Fila;6/2/2021 10:08;4
Fila;6/2/2021 10:08;3
Fila;6/2/2021 10:08;2
Fila;6/2/2021 10:08;1
Fila;6/2/2021 10:08;0
Fila;6/2/2021 10:10;1
Fila;6/2/2021 10:10;0
Fila;6/2/2021 10:10;1
Fila;6/2/2021 10:10;0
Fila;6/2/2021 10:10;1
Fila;6/2/2021 10:10;2
Fila;6/2/2021 10:10;3
Fila;6/2/2021 10:10;4
Fila;6/2/2021 10:10;5
Fila;6/2/2021 10:11;4
Fila;6/2/2021 10:12;5
Fila;6/2/2021 10:12;6
Fila;6/2/2021 10:12;7
Fila;6/2/2021 10:12;8
Fila;6/2/2021 10:12;7
Fila;6/2/2021 10:12;6
Fila;6/2/2021 10:13;7
Fila;6/2/2021 10:13;8
Fila;6/2/2021 10:13;9
Fila;6/2/2021 10:13;8
Fila;6/2/2021 10:13;7
Fila;6/2/2021 10:13;6
Fila;6/2/2021 10:13;5
Fila;6/2/2021 10:14;6
Fila;6/2/2021 10:14;5
Fila;6/2/2021 10:15;4
Fila;6/2/2021 10:16;3
Fila;6/2/2021 10:16;2
Fila;6/2/2021 10:17;3
Fila;6/2/2021 10:17;2
Fila;6/2/2021 10:17;1
Fila;6/2/2021 10:18;0
Fila;6/2/2021 10:19;1
Fila;6/2/2021 10:19;0
Fila;6/2/2021 10:19;1
Fila;6/2/2021 10:19;2
Fila;6/2/2021 10:19;1
Fila;6/2/2021 10:20;2
Fila;6/2/2021 10:20;3
Fila;6/2/2021 10:20;4
Fila;6/2/2021 10:20;5
Fila;6/2/2021 10:20;6
Fila;6/2/2021 10:21;5
Fila;6/2/2021 10:21;4
Fila;6/2/2021 10:22;5
Fila;6/2/2021 10:22;6
Fila;6/2/2021 10:22;7
Fila;6/2/2021 10:22;8
Fila;6/2/2021 10:22;9
Fila;6/2/2021 10:22;10
Fila;6/2/2021 10:22;11
Fila;6/2/2021 10:22;12
Fila;6/2/2021 10:22;11
Fila;6/2/2021 10:22;10
Fila;6/2/2021 10:22;9
Fila;6/2/2021 10:23;10
Fila;6/2/2021 10:23;11
Fila;6/2/2021 10:23;10
Fila;6/2/2021 10:24;11
Fila;6/2/2021 10:24;10
Fila;6/2/2021 10:24;9
Fila;6/2/2021 10:25;10
Fila;6/2/2021 10:25;9
Fila;6/2/2021 10:25;8
Fila;6/2/2021 10:26;9
Fila;6/2/2021 10:26;10
Fila;6/2/2021 10:26;11
Fila;6/2/2021 10:26;12
Fila;6/2/2021 10:26;11
Fila;6/2/2021 10:28;12
Fila;6/2/2021 10:28;13
Fila;6/2/2021 10:28;14
Fila;6/2/2021 10:28;15
Fila;6/2/2021 10:28;14
Fila;6/2/2021 10:28;13
Fila;6/2/2021 10:29;14
Fila;6/2/2021 10:29;15
Fila;6/2/2021 10:29;16
Fila;6/2/2021 10:29;15
Fila;6/2/2021 10:30;16
Fila;6/2/2021 10:30;17
Fila;6/2/2021 10:30;16
Fila;6/2/2021 10:30;15
Fila;6/2/2021 10:31;16
Fila;6/2/2021 10:31;17
Fila;6/2/2021 10:31;18
Fila;6/2/2021 10:31;17
Fila;6/2/2021 10:31;16
Fila;6/2/2021 10:31;15
Fila;6/2/2021 10:31;14
Fila;6/2/2021 10:31;13
Fila;6/2/2021 10:31;12
Fila;6/2/2021 10:31;11
Fila;6/2/2021 10:32;10
Fila;6/2/2021 10:32;9
Fila;6/2/2021 10:32;8
Fila;6/2/2021 10:32;7
Fila;6/2/2021 10:32;6
Fila;6/2/2021 10:32;5
Fila;6/2/2021 10:33;6
Fila;6/2/2021 10:33;5
Fila;6/2/2021 10:33;4
Fila;6/2/2021 10:34;5
Fila;6/2/2021 10:34;4
Fila;6/2/2021 10:34;3
Fila;6/2/2021 10:35;4
Fila;6/2/2021 10:35;5
Fila;6/2/2021 10:35;6
Fila;6/2/2021 10:37;7
Fila;6/2/2021 10:37;8
Fila;6/2/2021 10:37;7
Fila;6/2/2021 10:37;6
Fila;6/2/2021 10:37;5
Fila;6/2/2021 10:38;6
Fila;6/2/2021 10:38;7
Fila;6/2/2021 10:38;6
Fila;6/2/2021 10:39;7
Fila;6/2/2021 10:39;8
Fila;6/2/2021 10:39;9
Fila;6/2/2021 10:39;8
Fila;6/2/2021 10:40;7
Fila;6/2/2021 10:40;6
Fila;6/2/2021 10:41;7
Fila;6/2/2021 10:41;8
Fila;6/2/2021 10:41;7
Fila;6/2/2021 10:41;6
Fila;6/2/2021 10:41;5
Fila;6/2/2021 10:41;4
Fila;6/2/2021 10:42;5
Fila;6/2/2021 10:42;6
Fila;6/2/2021 10:42;5
Fila;6/2/2021 10:42;4
Fila;6/2/2021 10:42;3
Fila;6/2/2021 10:43;2
Fila;6/2/2021 10:43;1
Fila;6/2/2021 10:43;0
Fila;6/2/2021 10:44;1
Fila;6/2/2021 10:44;0
Fila;6/2/2021 10:45;1
Fila;6/2/2021 10:45;0
Fila;6/2/2021 10:47;1
Fila;6/2/2021 10:47;0
Fila;6/2/2021 10:47;1
Fila;6/2/2021 10:47;0
Fila;6/2/2021 10:47;1
Fila;6/2/2021 10:47;2
Fila;6/2/2021 10:47;3
Fila;6/2/2021 10:47;4
Fila;6/2/2021 10:48;3
Fila;6/2/2021 10:48;2
Fila;6/2/2021 10:48;1
Fila;6/2/2021 10:49;0
Fila;6/2/2021 10:50;1
Fila;6/2/2021 10:50;0
Fila;6/2/2021 10:51;1
Fila;6/2/2021 10:51;0
Fila;6/2/2021 10:51;1
Fila;6/2/2021 10:51;0
Fila;6/2/2021 10:52;1
Fila;6/2/2021 10:52;0
Fila;6/2/2021 10:53;1
Fila;6/2/2021 10:53;0
Fila;6/2/2021 10:55;1
Fila;6/2/2021 10:55;0
Fila;6/2/2021 10:55;1
Fila;6/2/2021 10:55;0
Fila;6/2/2021 10:57;1
Fila;6/2/2021 10:57;0
Fila;6/2/2021 10:58;1
Fila;6/2/2021 10:58;0
Fila;6/2/2021 11:00;1
Fila;6/2/2021 11:00;0
Fila;6/2/2021 11:01;1
Fila;6/2/2021 11:01;0
Fila;6/2/2021 11:01;1
Fila;6/2/2021 11:01;0
Fila;6/2/2021 11:02;1
Fila;6/2/2021 11:02;0
Fila;6/2/2021 11:03;1
Fila;6/2/2021 11:03;0
Fila;6/2/2021 11:04;1
Fila;6/2/2021 11:04;0
Fila;6/2/2021 11:04;1
Fila;6/2/2021 11:04;0
Fila;6/2/2021 11:05;1
Fila;6/2/2021 11:05;0
Fila;6/2/2021 11:07;1
Fila;6/2/2021 11:07;0
Fila;6/2/2021 11:07;1
Fila;6/2/2021 11:07;0
Fila;6/2/2021 11:08;1
Fila;6/2/2021 11:08;0
Fila;6/2/2021 11:08;1
Fila;6/2/2021 11:08;0
Fila;6/2/2021 11:08;1
Fila;6/2/2021 11:08;2
Fila;6/2/2021 11:08;1
Fila;6/2/2021 11:09;0
Fila;6/2/2021 11:10;1
Fila;6/2/2021 11:10;0
Fila;6/2/2021 11:12;1
Fila;6/2/2021 11:12;0
Fila;6/2/2021 11:12;1
Fila;6/2/2021 11:12;0
Fila;6/2/2021 11:12;1
Fila;6/2/2021 11:12;2
Fila;6/2/2021 11:12;1
Fila;6/2/2021 11:12;0
Fila;6/2/2021 11:13;1
Fila;6/2/2021 11:13;0
Fila;6/2/2021 11:14;1
Fila;6/2/2021 11:14;0
Fila;6/2/2021 11:14;1
Fila;6/2/2021 11:14;0
Fila;6/2/2021 11:15;1
Fila;6/2/2021 11:15;0
Fila;6/2/2021 11:16;1
Fila;6/2/2021 11:16;0
Fila;6/2/2021 11:16;1
Fila;6/2/2021 11:16;0
Fila;6/2/2021 11:16;1
Fila;6/2/2021 11:16;2
Fila;6/2/2021 11:16;3
Fila;6/2/2021 11:17;4
Fila;6/2/2021 11:17;5
Fila;6/2/2021 11:17;6
Fila;6/2/2021 11:17;5
Fila;6/2/2021 11:18;4
Fila;6/2/2021 11:19;5
Fila;6/2/2021 11:19;6
Fila;6/2/2021 11:19;5
Fila;6/2/2021 11:19;4
Fila;6/2/2021 11:19;3
Fila;6/2/2021 11:19;2
Fila;6/2/2021 11:20;1
Fila;6/2/2021 11:20;0
Fila;6/2/2021 11:21;1
Fila;6/2/2021 11:21;2
Fila;6/2/2021 11:21;1
Fila;6/2/2021 11:22;2
Fila;6/2/2021 11:22;1
Fila;6/2/2021 11:23;2
Fila;6/2/2021 11:23;1
Fila;6/2/2021 11:24;0
Fila;6/2/2021 11:25;1
Fila;6/2/2021 11:25;0
Fila;6/2/2021 11:26;1
Fila;6/2/2021 11:26;2
Fila;6/2/2021 11:26;1
Fila;6/2/2021 11:26;0
Fila;6/2/2021 11:27;1
Fila;6/2/2021 11:27;0
Fila;6/2/2021 11:28;1
Fila;6/2/2021 11:28;0
Fila;6/2/2021 11:28;1
Fila;6/2/2021 11:28;0
Fila;6/2/2021 11:28;1
Fila;6/2/2021 11:28;2
Fila;6/2/2021 11:28;3
Fila;6/2/2021 11:28;4
Fila;6/2/2021 11:28;3
Fila;6/2/2021 11:28;2
Fila;6/2/2021 11:28;1
Fila;6/2/2021 11:29;2
Fila;6/2/2021 11:29;3
Fila;6/2/2021 11:29;2
Fila;6/2/2021 11:30;3
Fila;6/2/2021 11:30;2
Fila;6/2/2021 11:31;3
Fila;6/2/2021 11:31;2
Fila;6/2/2021 11:31;1
Fila;6/2/2021 11:31;0
Fila;6/2/2021 11:32;1
Fila;6/2/2021 11:32;0
Fila;6/2/2021 11:32;1
Fila;6/2/2021 11:32;0
Fila;6/2/2021 11:32;1
Fila;6/2/2021 11:32;2
Fila;6/2/2021 11:32;1
Fila;6/2/2021 11:33;0
Fila;6/2/2021 11:34;1
Fila;6/2/2021 11:34;0
Fila;6/2/2021 11:34;1
Fila;6/2/2021 11:34;0
Fila;6/2/2021 11:35;1
Fila;6/2/2021 11:36;2
Fila;6/2/2021 11:36;1
Fila;6/2/2021 11:36;0
Fila;6/2/2021 11:38;1
Fila;6/2/2021 11:38;0
Fila;6/2/2021 11:39;1
Fila;6/2/2021 11:39;0
Fila;6/2/2021 11:40;1
Fila;6/2/2021 11:40;0
Fila;6/2/2021 11:40;1
Fila;6/2/2021 11:40;2
Fila;6/2/2021 11:40;1
Fila;6/2/2021 11:40;0
Fila;6/2/2021 11:41;1
Fila;6/2/2021 11:41;0
Fila;6/2/2021 11:42;1
Fila;6/2/2021 11:42;0
Fila;6/2/2021 11:42;1
Fila;6/2/2021 11:42;0
Fila;6/2/2021 11:44;1
Fila;6/2/2021 11:44;0
Fila;6/2/2021 11:44;1
Fila;6/2/2021 11:44;0
Fila;6/2/2021 11:46;1
Fila;6/2/2021 11:46;0
Fila;6/2/2021 11:47;1
Fila;6/2/2021 11:47;0
Fila;6/2/2021 11:47;1
Fila;6/2/2021 11:47;0
Fila;6/2/2021 11:47;1
Fila;6/2/2021 11:47;2
Fila;6/2/2021 11:47;3
Fila;6/2/2021 11:47;4
Fila;6/2/2021 11:47;3
Fila;6/2/2021 11:47;2
Fila;6/2/2021 11:48;3
Fila;6/2/2021 11:48;2
Fila;6/2/2021 11:48;1
Fila;6/2/2021 11:48;0
Fila;6/2/2021 11:49;1
Fila;6/2/2021 11:49;0
Fila;6/2/2021 11:50;1
Fila;6/2/2021 11:50;0
Fila;6/2/2021 11:51;1
Fila;6/2/2021 11:51;0
Fila;6/2/2021 11:52;1
Fila;6/2/2021 11:52;0
Fila;6/2/2021 11:52;1
Fila;6/2/2021 11:52;0
Fila;6/2/2021 11:55;1
Fila;6/2/2021 11:55;0
Fila;6/2/2021 11:57;1
Fila;6/2/2021 11:57;0
Fila;6/2/2021 11:57;1
Fila;6/2/2021 11:57;0
Fila;6/2/2021 11:57;1
Fila;6/2/2021 11:57;0
Fila;6/2/2021 12:00;1
Fila;6/2/2021 12:00;0
Fila;6/2/2021 12:01;1
Fila;6/2/2021 12:01;0
Fila;6/2/2021 12:02;1
Fila;6/2/2021 12:02;0
Fila;6/2/2021 12:02;1
Fila;6/2/2021 12:02;0
Fila;6/2/2021 12:03;1
Fila;6/2/2021 12:03;2
Fila;6/2/2021 12:03;3
Fila;6/2/2021 12:03;2
Fila;6/2/2021 12:03;1
Fila;6/2/2021 12:03;0
Fila;6/2/2021 12:05;1
Fila;6/2/2021 12:05;0
Fila;6/2/2021 12:05;1
Fila;6/2/2021 12:05;0
Fila;6/2/2021 12:07;1
Fila;6/2/2021 12:07;0
Fila;6/2/2021 12:07;1
Fila;6/2/2021 12:07;0
Fila;6/2/2021 12:07;1
Fila;6/2/2021 12:07;0
Fila;6/2/2021 12:08;1
Fila;6/2/2021 12:08;0
Fila;6/2/2021 12:08;1
Fila;6/2/2021 12:08;0
Fila;6/2/2021 12:09;1
Fila;6/2/2021 12:09;2
Fila;6/2/2021 12:09;3
Fila;6/2/2021 12:09;2
Fila;6/2/2021 12:09;1
Fila;6/2/2021 12:10;2
Fila;6/2/2021 12:10;1
Fila;6/2/2021 12:11;2
Fila;6/2/2021 12:11;3
Fila;6/2/2021 12:11;4
Fila;6/2/2021 12:11;5
Fila;6/2/2021 12:11;6
Fila;6/2/2021 12:11;7
Fila;6/2/2021 12:11;6
Fila;6/2/2021 12:11;5
Fila;6/2/2021 12:11;4
Fila;6/2/2021 12:12;5
Fila;6/2/2021 12:12;4
Fila;6/2/2021 12:13;5
Fila;6/2/2021 12:13;6
Fila;6/2/2021 12:13;7
Fila;6/2/2021 12:13;8
Fila;6/2/2021 12:13;7
Fila;6/2/2021 12:13;6
Fila;6/2/2021 12:13;5
Fila;6/2/2021 12:14;6
Fila;6/2/2021 12:14;7
Fila;6/2/2021 12:14;8
Fila;6/2/2021 12:14;7
Fila;6/2/2021 12:14;6
Fila;6/2/2021 12:14;5
Fila;6/2/2021 12:15;6
Fila;6/2/2021 12:15;7
Fila;6/2/2021 12:15;8
Fila;6/2/2021 12:15;9
Fila;6/2/2021 12:15;8
Fila;6/2/2021 12:16;9
Fila;6/2/2021 12:16;10
Fila;6/2/2021 12:16;11
Fila;6/2/2021 12:16;10
Fila;6/2/2021 12:16;9
Fila;6/2/2021 12:17;10
Fila;6/2/2021 12:17;11
Fila;6/2/2021 12:17;12
Fila;6/2/2021 12:18;13
Fila;6/2/2021 12:18;14
Fila;6/2/2021 12:18;15
Fila;6/2/2021 12:18;16
Fila;6/2/2021 12:18;15
Fila;6/2/2021 12:18;14
Fila;6/2/2021 12:18;13
Fila;6/2/2021 12:18;12
Fila;6/2/2021 12:19;13
Fila;6/2/2021 12:19;14
Fila;6/2/2021 12:19;15
Fila;6/2/2021 12:19;16
Fila;6/2/2021 12:19;17
Fila;6/2/2021 12:19;16
Fila;6/2/2021 12:20;17
Fila;6/2/2021 12:21;18
Fila;6/2/2021 12:21;19
Fila;6/2/2021 12:21;20
Fila;6/2/2021 12:21;21
Fila;6/2/2021 12:21;22
Fila;6/2/2021 12:21;21
Fila;6/2/2021 12:21;20
Fila;6/2/2021 12:22;21
Fila;6/2/2021 12:22;20
Fila;6/2/2021 12:22;19
Fila;6/2/2021 12:23;20
Fila;6/2/2021 12:23;19
Fila;6/2/2021 12:23;18
Fila;6/2/2021 12:23;17
Fila;6/2/2021 12:24;18
Fila;6/2/2021 12:24;17
Fila;6/2/2021 12:25;18
Fila;6/2/2021 12:26;19
Fila;6/2/2021 12:26;20
Fila;6/2/2021 12:26;21
Fila;6/2/2021 12:26;20
Fila;6/2/2021 12:26;19
Fila;6/2/2021 12:27;20
Fila;6/2/2021 12:27;21
Fila;6/2/2021 12:27;22
Fila;6/2/2021 12:27;23
Fila;6/2/2021 12:27;24
Fila;6/2/2021 12:27;25
Fila;6/2/2021 12:27;24
Fila;6/2/2021 12:27;23
Fila;6/2/2021 12:27;22
Fila;6/2/2021 12:27;21
Fila;6/2/2021 12:28;22
Fila;6/2/2021 12:28;23
Fila;6/2/2021 12:28;22
Fila;6/2/2021 12:29;23
Fila;6/2/2021 12:29;22
Fila;6/2/2021 12:29;21
Fila;6/2/2021 12:30;22
Fila;6/2/2021 12:30;23
Fila;6/2/2021 12:30;22
Fila;6/2/2021 12:31;23
Fila;6/2/2021 12:31;22
Fila;6/2/2021 12:31;21
Fila;6/2/2021 12:32;22
Fila;6/2/2021 12:32;23
Fila;6/2/2021 12:32;24
Fila;6/2/2021 12:32;23
Fila;6/2/2021 12:32;22
Fila;6/2/2021 12:32;21
Fila;6/2/2021 12:33;22
Fila;6/2/2021 12:33;21
Fila;6/2/2021 12:33;20
Fila;6/2/2021 12:33;19
Fila;6/2/2021 12:33;18
Fila;6/2/2021 12:34;19
Fila;6/2/2021 12:34;18
Fila;6/2/2021 12:34;17
Fila;6/2/2021 12:35;16
Fila;6/2/2021 12:36;17
Fila;6/2/2021 12:36;16
Fila;6/2/2021 12:36;15
Fila;6/2/2021 12:37;16
Fila;6/2/2021 12:37;17
Fila;6/2/2021 12:37;16
Fila;6/2/2021 12:37;15
Fila;6/2/2021 12:38;16
Fila;6/2/2021 12:38;15
Fila;6/2/2021 12:38;14
Fila;6/2/2021 12:38;13
Fila;6/2/2021 12:39;14
Fila;6/2/2021 12:39;15
Fila;6/2/2021 12:39;16
Fila;6/2/2021 12:39;15
Fila;6/2/2021 12:39;14
Fila;6/2/2021 12:39;13
Fila;6/2/2021 12:40;14
Fila;6/2/2021 12:40;15
Fila;6/2/2021 12:40;16
Fila;6/2/2021 12:40;15
Fila;6/2/2021 12:40;14
Fila;6/2/2021 12:41;13
Fila;6/2/2021 12:41;12
Fila;6/2/2021 12:41;11
Fila;6/2/2021 12:41;10
Fila;6/2/2021 12:42;11
Fila;6/2/2021 12:42;12
Fila;6/2/2021 12:42;11
Fila;6/2/2021 12:43;12
Fila;6/2/2021 12:43;13
Fila;6/2/2021 12:43;14
Fila;6/2/2021 12:43;13
Fila;6/2/2021 12:43;12
Fila;6/2/2021 12:43;11
Fila;6/2/2021 12:43;10
Fila;6/2/2021 12:43;9
Fila;6/2/2021 12:43;8
Fila;6/2/2021 12:44;9
Fila;6/2/2021 12:44;10
Fila;6/2/2021 12:44;9
Fila;6/2/2021 12:44;8
Fila;6/2/2021 12:44;7
Fila;6/2/2021 12:45;8
Fila;6/2/2021 12:46;9
Fila;6/2/2021 12:46;10
Fila;6/2/2021 12:46;11
Fila;6/2/2021 12:46;12
Fila;6/2/2021 12:46;13
Fila;6/2/2021 12:46;12
Fila;6/2/2021 12:46;11
Fila;6/2/2021 12:46;10
Fila;6/2/2021 12:47;11
Fila;6/2/2021 12:47;12
Fila;6/2/2021 12:47;13
Fila;6/2/2021 12:47;12
Fila;6/2/2021 12:47;11
Fila;6/2/2021 12:48;12
Fila;6/2/2021 12:48;13
Fila;6/2/2021 12:49;12
Fila;6/2/2021 12:49;11
Fila;6/2/2021 12:49;10
Fila;6/2/2021 12:50;9
Fila;6/2/2021 12:50;8
Fila;6/2/2021 12:50;7
Fila;6/2/2021 12:50;6
Fila;6/2/2021 12:51;5
Fila;6/2/2021 12:51;4
Fila;6/2/2021 12:52;5
Fila;6/2/2021 12:52;6
Fila;6/2/2021 12:52;7
Fila;6/2/2021 12:52;6
Fila;6/2/2021 12:52;5
Fila;6/2/2021 12:52;4
Fila;6/2/2021 12:52;3
Fila;6/2/2021 12:52;2
Fila;6/2/2021 12:52;1
Fila;6/2/2021 12:53;2
Fila;6/2/2021 12:53;3
Fila;6/2/2021 12:53;4
Fila;6/2/2021 12:53;3
Fila;6/2/2021 12:54;4
Fila;6/2/2021 12:54;5
Fila;6/2/2021 12:54;6
Fila;6/2/2021 12:54;5
Fila;6/2/2021 12:54;4
Fila;6/2/2021 12:55;5
Fila;6/2/2021 12:55;6
Fila;6/2/2021 12:55;7
Fila;6/2/2021 12:55;8
Fila;6/2/2021 12:55;7
Fila;6/2/2021 12:55;6
Fila;6/2/2021 12:55;5
Fila;6/2/2021 12:55;4
Fila;6/2/2021 12:56;5
Fila;6/2/2021 12:56;4
Fila;6/2/2021 12:56;3
Fila;6/2/2021 12:56;2
Fila;6/2/2021 12:57;3
Fila;6/2/2021 12:57;2
Fila;6/2/2021 12:57;1
Fila;6/2/2021 12:58;2
Fila;6/2/2021 12:58;1
Fila;6/2/2021 12:58;0
Fila;6/2/2021 12:59;1
Fila;6/2/2021 12:59;2
Fila;6/2/2021 12:59;1
Fila;6/2/2021 12:59;0
Fila;6/2/2021 13:00;1
Fila;6/2/2021 13:00;0
Fila;6/2/2021 13:00;1
Fila;6/2/2021 13:00;0
Fila;6/2/2021 13:01;1
Fila;6/2/2021 13:01;0
Fila;6/2/2021 13:01;1
Fila;6/2/2021 13:01;0
Fila;6/2/2021 13:01;1
Fila;6/2/2021 13:01;2
Fila;6/2/2021 13:01;3
Fila;6/2/2021 13:01;4
Fila;6/2/2021 13:03;5
Fila;6/2/2021 13:03;6
Fila;6/2/2021 13:03;7
Fila;6/2/2021 13:03;8
Fila;6/2/2021 13:03;7
Fila;6/2/2021 13:03;6
Fila;6/2/2021 13:03;5
Fila;6/2/2021 13:03;4
Fila;6/2/2021 13:04;5
Fila;6/2/2021 13:04;6
Fila;6/2/2021 13:05;5
Fila;6/2/2021 13:06;6
Fila;6/2/2021 13:06;7
Fila;6/2/2021 13:06;8
Fila;6/2/2021 13:06;9
Fila;6/2/2021 13:06;10
Fila;6/2/2021 13:06;11
Fila;6/2/2021 13:06;10
Fila;6/2/2021 13:06;9
Fila;6/2/2021 13:06;8
Fila;6/2/2021 13:07;9
Fila;6/2/2021 13:07;10
Fila;6/2/2021 13:07;11
Fila;6/2/2021 13:07;12
Fila;6/2/2021 13:07;13
Fila;6/2/2021 13:07;12
Fila;6/2/2021 13:07;11
Fila;6/2/2021 13:08;12
Fila;6/2/2021 13:08;11
Fila;6/2/2021 13:09;12
Fila;6/2/2021 13:09;13
Fila;6/2/2021 13:10;12
Fila;6/2/2021 13:10;11
Fila;6/2/2021 13:11;12
Fila;6/2/2021 13:11;13
Fila;6/2/2021 13:11;14
Fila;6/2/2021 13:11;15
Fila;6/2/2021 13:11;16
Fila;6/2/2021 13:12;17
Fila;6/2/2021 13:12;16
Fila;6/2/2021 13:12;15
Fila;6/2/2021 13:13;16
Fila;6/2/2021 13:13;17
Fila;6/2/2021 13:13;18
Fila;6/2/2021 13:13;19
Fila;6/2/2021 13:13;18
Fila;6/2/2021 13:14;19
Fila;6/2/2021 13:14;20
Fila;6/2/2021 13:14;21
Fila;6/2/2021 13:15;22
Fila;6/2/2021 13:16;23
Fila;6/2/2021 13:16;22
Fila;6/2/2021 13:16;21
Fila;6/2/2021 13:17;22
Fila;6/2/2021 13:17;23
Fila;6/2/2021 13:17;22
Fila;6/2/2021 13:18;23
Fila;6/2/2021 13:18;24
Fila;6/2/2021 13:18;23
Fila;6/2/2021 13:18;22
Fila;6/2/2021 13:18;21
Fila;6/2/2021 13:19;22
Fila;6/2/2021 13:19;23
Fila;6/2/2021 13:20;24
Fila;6/2/2021 13:20;25
Fila;6/2/2021 13:20;26
Fila;6/2/2021 13:20;27
Fila;6/2/2021 13:20;28
Fila;6/2/2021 13:20;27
Fila;6/2/2021 13:20;26
Fila;6/2/2021 13:20;25
Fila;6/2/2021 13:21;26
Fila;6/2/2021 13:21;25
Fila;6/2/2021 13:21;24
Fila;6/2/2021 13:21;23
Fila;6/2/2021 13:22;24
Fila;6/2/2021 13:22;25
Fila;6/2/2021 13:22;26
Fila;6/2/2021 13:22;25
Fila;6/2/2021 13:22;24
Fila;6/2/2021 13:22;23
Fila;6/2/2021 13:22;22
Fila;6/2/2021 13:23;23
Fila;6/2/2021 13:23;24
Fila;6/2/2021 13:23;23
Fila;6/2/2021 13:23;22
Fila;6/2/2021 13:24;23
Fila;6/2/2021 13:24;24
Fila;6/2/2021 13:24;25
Fila;6/2/2021 13:24;24
Fila;6/2/2021 13:25;25
Fila;6/2/2021 13:25;24
Fila;6/2/2021 13:25;23
Fila;6/2/2021 13:26;24
Fila;6/2/2021 13:26;25
Fila;6/2/2021 13:26;26
Fila;6/2/2021 13:26;25
Fila;6/2/2021 13:27;24
Fila;6/2/2021 13:27;23
Fila;6/2/2021 13:28;24
Fila;6/2/2021 13:28;25
Fila;6/2/2021 13:28;24
Fila;6/2/2021 13:28;23
Fila;6/2/2021 13:29;24
Fila;6/2/2021 13:29;25
Fila;6/2/2021 13:29;26
Fila;6/2/2021 13:29;27
Fila;6/2/2021 13:29;26
Fila;6/2/2021 13:29;25
Fila;6/2/2021 13:30;26
Fila;6/2/2021 13:30;25
Fila;6/2/2021 13:30;24
Fila;6/2/2021 13:30;23
Fila;6/2/2021 13:30;22
Fila;6/2/2021 13:30;21
Fila;6/2/2021 13:30;20
Fila;6/2/2021 13:30;19
Fila;6/2/2021 13:31;18
Fila;6/2/2021 13:31;17
Fila;6/2/2021 13:31;16
Fila;6/2/2021 13:32;17
Fila;6/2/2021 13:33;18
Fila;6/2/2021 13:33;19
Fila;6/2/2021 13:33;20
Fila;6/2/2021 13:33;21
Fila;6/2/2021 13:33;20
Fila;6/2/2021 13:34;21
Fila;6/2/2021 13:34;22
Fila;6/2/2021 13:34;21
Fila;6/2/2021 13:35;22
Fila;6/2/2021 13:35;23
Fila;6/2/2021 13:35;24
Fila;6/2/2021 13:35;23
Fila;6/2/2021 13:35;22
Fila;6/2/2021 13:36;21
Fila;6/2/2021 13:36;20
Fila;6/2/2021 13:36;19
Fila;6/2/2021 13:36;18
Fila;6/2/2021 13:36;17
Fila;6/2/2021 13:37;18
Fila;6/2/2021 13:37;19
Fila;6/2/2021 13:37;18
Fila;6/2/2021 13:38;19
Fila;6/2/2021 13:38;20
Fila;6/2/2021 13:38;21
Fila;6/2/2021 13:38;22
Fila;6/2/2021 13:38;23
Fila;6/2/2021 13:38;22
Fila;6/2/2021 13:38;21
Fila;6/2/2021 13:38;20
Fila;6/2/2021 13:38;19
Fila;6/2/2021 13:39;20
Fila;6/2/2021 13:39;21
Fila;6/2/2021 13:39;20
Fila;6/2/2021 13:39;19
Fila;6/2/2021 13:39;18
Fila;6/2/2021 13:40;17
Fila;6/2/2021 13:41;18
Fila;6/2/2021 13:41;19
Fila;6/2/2021 13:42;20
Fila;6/2/2021 13:42;21
Fila;6/2/2021 13:42;22
Fila;6/2/2021 13:42;21
Fila;6/2/2021 13:43;22
Fila;6/2/2021 13:43;23
Fila;6/2/2021 13:43;24
Fila;6/2/2021 13:43;23
Fila;6/2/2021 13:43;22
Fila;6/2/2021 13:43;21
Fila;6/2/2021 13:43;20
Fila;6/2/2021 13:45;21
Fila;6/2/2021 13:45;22
Fila;6/2/2021 13:45;21
Fila;6/2/2021 13:45;20
Fila;6/2/2021 13:45;19
Fila;6/2/2021 13:45;18
Fila;6/2/2021 13:46;19
Fila;6/2/2021 13:46;18
Fila;6/2/2021 13:46;17
Fila;6/2/2021 13:46;16
Fila;6/2/2021 13:47;17
Fila;6/2/2021 13:47;16
Fila;6/2/2021 13:48;17
Fila;6/2/2021 13:48;16
Fila;6/2/2021 13:49;15
Fila;6/2/2021 13:50;16
Fila;6/2/2021 13:50;17
Fila;6/2/2021 13:50;16
Fila;6/2/2021 13:51;17
Fila;6/2/2021 13:51;16
Fila;6/2/2021 13:51;15
Fila;6/2/2021 13:51;14
Fila;6/2/2021 13:51;13
Fila;6/2/2021 13:52;14
Fila;6/2/2021 13:52;15
Fila;6/2/2021 13:52;16
Fila;6/2/2021 13:52;15
Fila;6/2/2021 13:53;14
Fila;6/2/2021 13:53;13
Fila;6/2/2021 13:53;12
Fila;6/2/2021 13:53;11
Fila;6/2/2021 13:53;10
Fila;6/2/2021 13:54;11
Fila;6/2/2021 13:54;12
Fila;6/2/2021 13:54;13
Fila;6/2/2021 13:55;14
Fila;6/2/2021 13:55;15
Fila;6/2/2021 13:55;14
Fila;6/2/2021 13:55;13
Fila;6/2/2021 13:55;12
Fila;6/2/2021 13:56;13
Fila;6/2/2021 13:56;14
Fila;6/2/2021 13:56;15
Fila;6/2/2021 13:56;16
Fila;6/2/2021 13:56;17
Fila;6/2/2021 13:56;18
Fila;6/2/2021 13:56;17
Fila;6/2/2021 13:57;18
Fila;6/2/2021 13:57;17
Fila;6/2/2021 13:57;16
Fila;6/2/2021 13:58;15
Fila;6/2/2021 13:59;16
Fila;6/2/2021 13:59;17
Fila;6/2/2021 13:59;18
Fila;6/2/2021 13:59;17
Fila;6/2/2021 13:59;16
Fila;6/2/2021 14:00;17
Fila;6/2/2021 14:00;18
Fila;6/2/2021 14:00;19
Fila;6/2/2021 14:00;18
Fila;6/2/2021 14:01;17
Fila;6/2/2021 14:02;18
Fila;6/2/2021 14:02;19
Fila;6/2/2021 14:02;20
Fila;6/2/2021 14:02;21
Fila;6/2/2021 14:02;22
Fila;6/2/2021 14:02;23
Fila;6/2/2021 14:02;22
Fila;6/2/2021 14:02;21
Fila;6/2/2021 14:02;20
Fila;6/2/2021 14:02;19
Fila;6/2/2021 14:03;20
Fila;6/2/2021 14:03;21
Fila;6/2/2021 14:03;22
Fila;6/2/2021 14:03;23
Fila;6/2/2021 14:03;24
Fila;6/2/2021 14:04;25
Fila;6/2/2021 14:04;26
Fila;6/2/2021 14:04;27
Fila;6/2/2021 14:04;28
Fila;6/2/2021 14:04;27
Fila;6/2/2021 14:05;28
Fila;6/2/2021 14:05;27
Fila;6/2/2021 14:05;26
Fila;6/2/2021 14:06;27
Fila;6/2/2021 14:06;28
Fila;6/2/2021 14:06;27
Fila;6/2/2021 14:06;26
Fila;6/2/2021 14:06;25
Fila;6/2/2021 14:06;24
Fila;6/2/2021 14:07;25
Fila;6/2/2021 14:07;26
Fila;6/2/2021 14:07;27
Fila;6/2/2021 14:07;26
Fila;6/2/2021 14:07;25
Fila;6/2/2021 14:08;26
Fila;6/2/2021 14:08;25
Fila;6/2/2021 14:08;24
Fila;6/2/2021 14:09;25
Fila;6/2/2021 14:09;24
Fila;6/2/2021 14:10;23
Fila;6/2/2021 14:10;22
Fila;6/2/2021 14:10;21
Fila;6/2/2021 14:11;22
Fila;6/2/2021 14:11;21
Fila;6/2/2021 14:12;22
Fila;6/2/2021 14:12;23
Fila;6/2/2021 14:12;24
Fila;6/2/2021 14:12;23
Fila;6/2/2021 14:12;22
Fila;6/2/2021 14:12;21
Fila;6/2/2021 14:12;20
Fila;6/2/2021 14:12;19
Fila;6/2/2021 14:13;20
Fila;6/2/2021 14:13;19
Fila;6/2/2021 14:13;18
Fila;6/2/2021 14:14;19
Fila;6/2/2021 14:14;18
Fila;6/2/2021 14:14;17
Fila;6/2/2021 14:14;16
Fila;6/2/2021 14:14;15
Fila;6/2/2021 14:14;14
Fila;6/2/2021 14:15;15
Fila;6/2/2021 14:15;16
Fila;6/2/2021 14:15;15
Fila;6/2/2021 14:15;14
Fila;6/2/2021 14:16;15
Fila;6/2/2021 14:16;16
Fila;6/2/2021 14:16;15
Fila;6/2/2021 14:16;14
Fila;6/2/2021 14:16;13
Fila;6/2/2021 14:16;12
Fila;6/2/2021 14:17;13
Fila;6/2/2021 14:17;12
Fila;6/2/2021 14:17;11
Fila;6/2/2021 14:17;10
Fila;6/2/2021 14:17;9
Fila;6/2/2021 14:18;10
Fila;6/2/2021 14:18;9
Fila;6/2/2021 14:19;10
Fila;6/2/2021 14:19;11
Fila;6/2/2021 14:19;12
Fila;6/2/2021 14:19;13
Fila;6/2/2021 14:19;14
Fila;6/2/2021 14:19;15
Fila;6/2/2021 14:19;16
Fila;6/2/2021 14:19;15
Fila;6/2/2021 14:19;14
Fila;6/2/2021 14:20;15
Fila;6/2/2021 14:20;16
Fila;6/2/2021 14:20;15
Fila;6/2/2021 14:21;16
Fila;6/2/2021 14:21;17
Fila;6/2/2021 14:21;16
Fila;6/2/2021 14:21;15
Fila;6/2/2021 14:22;16
Fila;6/2/2021 14:22;15
Fila;6/2/2021 14:23;14
Fila;6/2/2021 14:23;13
Fila;6/2/2021 14:24;14
Fila;6/2/2021 14:24;15
Fila;6/2/2021 14:24;16
Fila;6/2/2021 14:24;15
Fila;6/2/2021 14:24;14
Fila;6/2/2021 14:25;15
Fila;6/2/2021 14:25;14
Fila;6/2/2021 14:25;13
Fila;6/2/2021 14:26;14
Fila;6/2/2021 14:26;15
Fila;6/2/2021 14:26;16
Fila;6/2/2021 14:26;17
Fila;6/2/2021 14:26;16
Fila;6/2/2021 14:27;17
Fila;6/2/2021 14:27;16
Fila;6/2/2021 14:27;15
Fila;6/2/2021 14:27;14
Fila;6/2/2021 14:28;15
Fila;6/2/2021 14:28;16
Fila;6/2/2021 14:28;15
Fila;6/2/2021 14:28;14
Fila;6/2/2021 14:29;13
Fila;6/2/2021 14:29;12
Fila;6/2/2021 14:29;11
Fila;6/2/2021 14:29;10
Fila;6/2/2021 14:29;9
Fila;6/2/2021 14:30;10
Fila;6/2/2021 14:30;9
Fila;6/2/2021 14:30;8
Fila;6/2/2021 14:30;7
Fila;6/2/2021 14:30;6
Fila;6/2/2021 14:31;5
Fila;6/2/2021 14:32;6
Fila;6/2/2021 14:32;5
Fila;6/2/2021 14:32;4
Fila;6/2/2021 14:33;5
Fila;6/2/2021 14:33;4
Fila;6/2/2021 14:33;3
Fila;6/2/2021 14:33;2
Fila;6/2/2021 14:34;3
Fila;6/2/2021 14:34;4
Fila;6/2/2021 14:34;5
Fila;6/2/2021 14:34;4
Fila;6/2/2021 14:34;3
Fila;6/2/2021 14:34;2
Fila;6/2/2021 14:35;3
Fila;6/2/2021 14:35;4
Fila;6/2/2021 14:35;3
Fila;6/2/2021 14:36;4
Fila;6/2/2021 14:36;5
Fila;6/2/2021 14:36;4
Fila;6/2/2021 14:37;5
Fila;6/2/2021 14:37;6
Fila;6/2/2021 14:37;7
Fila;6/2/2021 14:37;6
Fila;6/2/2021 14:37;5
Fila;6/2/2021 14:37;4
Fila;6/2/2021 14:37;3
Fila;6/2/2021 14:38;4
Fila;6/2/2021 14:38;3
Fila;6/2/2021 14:38;2
Fila;6/2/2021 14:39;3
Fila;6/2/2021 14:39;2
Fila;6/2/2021 14:39;1
Fila;6/2/2021 14:39;0
Fila;6/2/2021 14:40;1
Fila;6/2/2021 14:40;0
Fila;6/2/2021 14:40;1
Fila;6/2/2021 14:40;0
Fila;6/2/2021 14:40;1
Fila;6/2/2021 14:40;2
Fila;6/2/2021 14:40;3
Fila;6/2/2021 14:40;2
Fila;6/2/2021 14:41;3
Fila;6/2/2021 14:41;2
Fila;6/2/2021 14:42;3
Fila;6/2/2021 14:42;2
Fila;6/2/2021 14:42;1
Fila;6/2/2021 14:42;0
Fila;6/2/2021 14:43;1
Fila;6/2/2021 14:43;0
Fila;6/2/2021 14:43;1
Fila;6/2/2021 14:43;2
Fila;6/2/2021 14:43;3
Fila;6/2/2021 14:43;2
Fila;6/2/2021 14:44;3
Fila;6/2/2021 14:44;4
Fila;6/2/2021 14:44;3
Fila;6/2/2021 14:44;2
Fila;6/2/2021 14:44;1
Fila;6/2/2021 14:45;2
Fila;6/2/2021 14:45;1
Fila;6/2/2021 14:45;0
Fila;6/2/2021 14:46;1
Fila;6/2/2021 14:46;2
Fila;6/2/2021 14:46;3
Fila;6/2/2021 14:46;2
Fila;6/2/2021 14:46;1
Fila;6/2/2021 14:46;0
Fila;6/2/2021 14:47;1
Fila;6/2/2021 14:47;0
Fila;6/2/2021 14:48;1
Fila;6/2/2021 14:48;0
Fila;6/2/2021 14:48;1
Fila;6/2/2021 14:48;0
Fila;6/2/2021 14:49;1
Fila;6/2/2021 14:49;0
Fila;6/2/2021 14:50;1
Fila;6/2/2021 14:50;0
Fila;6/2/2021 14:51;1
Fila;6/2/2021 14:51;0
Fila;6/2/2021 14:51;1
Fila;6/2/2021 14:51;2
Fila;6/2/2021 14:51;3
Fila;6/2/2021 14:51;2
Fila;6/2/2021 14:51;1
Fila;6/2/2021 14:52;2
Fila;6/2/2021 14:52;3
Fila;6/2/2021 14:52;4
Fila;6/2/2021 14:52;3
Fila;6/2/2021 14:52;2
Fila;6/2/2021 14:53;3
Fila;6/2/2021 14:53;2
Fila;6/2/2021 14:54;1
Fila;6/2/2021 14:54;0
Fila;6/2/2021 14:55;1
Fila;6/2/2021 14:55;0
Fila;6/2/2021 14:57;1
Fila;6/2/2021 14:57;0
Fila;6/2/2021 14:58;1
Fila;6/2/2021 14:58;0
Fila;6/2/2021 14:58;1
Fila;6/2/2021 14:58;0
Fila;6/2/2021 14:58;1
Fila;6/2/2021 14:58;2
Fila;6/2/2021 14:58;3
Fila;6/2/2021 14:58;4
Fila;6/2/2021 14:58;5
Fila;6/2/2021 14:58;6
Fila;6/2/2021 14:58;7
Fila;6/2/2021 14:58;8
Fila;6/2/2021 14:58;7
Fila;6/2/2021 14:59;6
Fila;6/2/2021 15:03;7
Fila;6/2/2021 15:04;8
Fila;6/2/2021 15:04;9
Fila;6/2/2021 15:04;10
Fila;6/2/2021 15:04;9
Fila;6/2/2021 15:04;8
Fila;6/2/2021 15:04;7
Fila;6/2/2021 15:05;8
Fila;6/2/2021 15:05;9
Fila;6/2/2021 15:05;10
Fila;6/2/2021 15:05;11
Fila;6/2/2021 15:05;12
Fila;6/2/2021 15:05;13
Fila;6/2/2021 15:05;12
Fila;6/2/2021 15:05;11
Fila;6/2/2021 15:05;10
Fila;6/2/2021 15:05;9
Fila;6/2/2021 15:05;8
Fila;6/2/2021 15:06;7
Fila;6/2/2021 15:06;6
Fila;6/2/2021 15:07;7
Fila;6/2/2021 15:07;6
Fila;6/2/2021 15:07;5
Fila;6/2/2021 15:08;6
Fila;6/2/2021 15:08;5
Fila;6/2/2021 15:09;6
Fila;6/2/2021 15:09;5
Fila;6/2/2021 15:09;4
Fila;6/2/2021 15:10;5
Fila;6/2/2021 15:10;4
Fila;6/2/2021 15:10;3
Fila;6/2/2021 15:11;4
Fila;6/2/2021 15:11;3
Fila;6/2/2021 15:11;2
Fila;6/2/2021 15:12;1
Fila;6/2/2021 15:12;0
Fila;6/2/2021 15:14;1
Fila;6/2/2021 15:14;0
Fila;6/2/2021 15:15;1
Fila;6/2/2021 15:15;0
Fila;6/2/2021 15:16;1
Fila;6/2/2021 15:16;0
Fila;6/2/2021 15:19;1
Fila;6/2/2021 15:19;0
Fila;6/2/2021 15:19;1
Fila;6/2/2021 15:19;0
Fila;6/2/2021 15:20;1
Fila;6/2/2021 15:21;2
Fila;6/2/2021 15:21;1
Fila;6/2/2021 15:21;0
Fila;6/2/2021 15:22;1
Fila;6/2/2021 15:22;0
Fila;6/2/2021 15:22;1
Fila;6/2/2021 15:22;0
Fila;6/2/2021 15:22;1
Fila;6/2/2021 15:22;2
Fila;6/2/2021 15:22;3
Fila;6/2/2021 15:22;4
Fila;6/2/2021 15:22;5
Fila;6/2/2021 15:22;4
Fila;6/2/2021 15:22;3
Fila;6/2/2021 15:22;2
Fila;6/2/2021 15:22;1
Fila;6/2/2021 15:23;0
Fila;6/2/2021 15:24;1
Fila;6/2/2021 15:24;2
Fila;6/2/2021 15:24;3
Fila;6/2/2021 15:24;2
Fila;6/2/2021 15:24;1
Fila;6/2/2021 15:25;2
Fila;6/2/2021 15:25;1
Fila;6/2/2021 15:25;0
Fila;6/2/2021 15:27;1
Fila;6/2/2021 15:27;0
Fila;6/2/2021 15:27;1
Fila;6/2/2021 15:27;0
Fila;6/2/2021 15:28;1
Fila;6/2/2021 15:28;0
Fila;6/2/2021 15:28;1
Fila;6/2/2021 15:28;0
Fila;6/2/2021 15:28;1
Fila;6/2/2021 15:28;0
Fila;6/2/2021 15:29;1
Fila;6/2/2021 15:29;0
Fila;6/2/2021 15:29;1
Fila;6/2/2021 15:29;2
Fila;6/2/2021 15:29;3
Fila;6/2/2021 15:29;2
Fila;6/2/2021 15:29;1
Fila;6/2/2021 15:29;0
Fila;6/2/2021 15:30;1
Fila;6/2/2021 15:31;2
Fila;6/2/2021 15:31;3
Fila;6/2/2021 15:31;4
Fila;6/2/2021 15:31;3
Fila;6/2/2021 15:31;2
Fila;6/2/2021 15:32;3
Fila;6/2/2021 15:32;4
Fila;6/2/2021 15:32;3
Fila;6/2/2021 15:33;4
Fila;6/2/2021 15:33;5
Fila;6/2/2021 15:33;4
Fila;6/2/2021 15:34;3
Fila;6/2/2021 15:34;2
Fila;6/2/2021 15:34;1
Fila;6/2/2021 15:34;0
Fila;6/2/2021 15:35;1
Fila;6/2/2021 15:35;0
Fila;6/2/2021 15:38;1
Fila;6/2/2021 15:38;0
Fila;6/2/2021 15:38;1
Fila;6/2/2021 15:38;0
Fila;6/2/2021 15:39;1
Fila;6/2/2021 15:39;0
Fila;6/2/2021 15:39;1
Fila;6/2/2021 15:39;2
Fila;6/2/2021 15:39;3
Fila;6/2/2021 15:39;4
Fila;6/2/2021 15:39;5
Fila;6/2/2021 15:39;6
Fila;6/2/2021 15:39;5
Fila;6/2/2021 15:39;4
Fila;6/2/2021 15:40;3
Fila;6/2/2021 15:40;2
Fila;6/2/2021 15:41;3
Fila;6/2/2021 15:41;2
Fila;6/2/2021 15:41;1
Fila;6/2/2021 15:41;0
Fila;6/2/2021 15:43;1
Fila;6/2/2021 15:43;0
Fila;6/2/2021 15:43;1
Fila;6/2/2021 15:44;0
Fila;6/2/2021 15:45;1
Fila;6/2/2021 15:45;0
Fila;6/2/2021 15:45;1
Fila;6/2/2021 15:45;0
Fila;6/2/2021 15:46;1
Fila;6/2/2021 15:46;0
Fila;6/2/2021 15:46;1
Fila;6/2/2021 15:46;2
Fila;6/2/2021 15:46;3
Fila;6/2/2021 15:47;2
Fila;6/2/2021 15:47;1
Fila;6/2/2021 15:48;2
Fila;6/2/2021 15:48;3
Fila;6/2/2021 15:48;2
Fila;6/2/2021 15:48;1
Fila;6/2/2021 15:49;2
Fila;6/2/2021 15:49;1
Fila;6/2/2021 15:49;0
Fila;6/2/2021 15:51;1
Fila;6/2/2021 15:51;0
Fila;6/2/2021 15:51;1
Fila;6/2/2021 15:51;2
Fila;6/2/2021 15:51;1
Fila;6/2/2021 15:51;0
Fila;6/2/2021 15:52;1
Fila;6/2/2021 15:52;2
Fila;6/2/2021 15:52;1
Fila;6/2/2021 15:52;0
Fila;6/2/2021 15:55;1
Fila;6/2/2021 15:55;0
Fila;6/2/2021 15:55;1
Fila;6/2/2021 15:55;0
Fila;6/2/2021 15:55;1
Fila;6/2/2021 15:55;2
Fila;6/2/2021 15:55;3
Fila;6/2/2021 15:55;2
Fila;6/2/2021 15:55;1
Fila;6/2/2021 15:55;0
Fila;6/2/2021 15:56;1
Fila;6/2/2021 15:56;2
Fila;6/2/2021 15:56;3
Fila;6/2/2021 15:56;4
Fila;6/2/2021 15:56;5
Fila;6/2/2021 15:56;6
Fila;6/2/2021 15:56;5
Fila;6/2/2021 15:57;6
Fila;6/2/2021 15:57;7
Fila;6/2/2021 15:57;8
Fila;6/2/2021 15:57;9
Fila;6/2/2021 15:58;8
Fila;6/2/2021 15:59;9
Fila;6/2/2021 15:59;8
Fila;6/2/2021 15:59;7
Fila;6/2/2021 15:59;6
Fila;6/2/2021 15:59;5
;;7,956075299
